noticia_id,medio,titulo,fecha,url,ok,motivo
n-1d1063f029fb45e9,TVN Panamá,Panameños relatan engaños en reclutamiento para combatir en Ucrania; Cancillería da seguimiento a los casos,2026-08-13T01:06:02.567844+00:00,https://www.tvn-2.com/nacionales/panamenos-relatan-enganos-reclutamiento-combatir_1_2255631.html,si,
n-8f65d406e4eaa085,TVN Panamá,Alcaldía de Panamá inicia adecuación de fachadas de edificios en la Avenida Central,2026-02-09T21:49:05.149287+00:00,https://www.tvn-2.com/nacionales/alcaldia-panama-inicia-adecuacion-fachadas_1_2226804.html,si,
n-b0ad5eb5003ccc17,TVN Panamá,Más de 26 mil colombianos en Panamá estuvieron habilitados para votar en sus elecciones presidenciales,2026-06-01T00:02:00.513509+00:00,https://www.tvn-2.com/nacionales/colombianos-panama-estuvieron-votaciones-colombia_1_2243585.html,si,
n-d0bfa9f5f4b66a0b,TVN Panamá,'El mejor de la provincia': Mulino inaugura hospital de Bugaba y pide que cuiden las instalaciones,2025-11-27T18:08:00.708207+00:00,https://www.tvn-2.com/nacionales/mejor-provincia-jose-raul-mulino-inaugura-hospital-jose-felix-espinosa-barroso_1_2216529.html,si,
n-a461d7b2af405e88,La Estrella de Panamá,  La situación de Medio Oriente no está encaminada a aumentar los ingresos del Canal : Ricaurte Vásquez,2026-04-24T02:45:00+00:00,https://www.laestrella.com.pa/economia/la-situacion-de-medio-oriente-no-esta-encaminada-a-aumentar-los-ingresos-del-canal-ricaurte-vasquez-NI21833835,si,
n-55d5bcef36cfbccc,TVN Panamá,Agroferias del IMA: Conozca dónde se realizarán este jueves,2026-04-08T21:24:09.654203+00:00,https://www.tvn-2.com/nacionales/agroferias-ima-conozca-realizaran-jueves_1_2235430.html,si,
n-3e54a90a8a84ef62,La Estrella de Panamá,Comando Sur despliega al comandante Donovan al Canal de Panamá : ¿ Cuál es el motivo ? ,2026-08-11T02:15:00+00:00,https://www.laestrella.com.pa/panama/nacional/comando-sur-despliega-al-comandante-donovan-al-canal-de-panama-cual-es-el-motivo-JJ24786096,si,
n-40eaf70d88df62c6,TVN Panamá,ASEP explica cómo los clientes verán reflejada en sus facturas la multa a las distribuidoras eléctricas,2025-10-26T15:37:04.959356+00:00,https://www.tvn-2.com/nacionales/autoridad-nacional-de-los-servicios-publicos-herramientas-legales-fiscalizar-distribucion-electrica-multas-ensa-edemet-edechi_1_2212385.html,si,
n-5dcef9d6dbfba28d,TVN Panamá,Alianza entre Asociación Pro Niñez y Fundación Zamora Terán: Transformando la educación tecnológica en Panamá,2026-04-09T19:45:46.193748+00:00,https://www.tvn-2.com/economia/empresas/publirreportajes/alianza-asociacion-pro-ninez-fundacion_1_2235350.html,si,
n-c77b9814116c6f60,TVN Panamá,MOP defiende construcción de zarzos en la comarca Ngäbe Buglé y explica criterios técnicos,2026-03-16T23:15:23.325344+00:00,https://www.tvn-2.com/nacionales/mop-defiende-construccion-zarzos-comarca-ngabe-bugle_1_2232138.html,si,
n-85f4a60a5ae8c26f,TVN Panamá,Sinaproc detalla afectaciones en el sur de Panamá tras efecto indirecto del huracán Melissa,2025-10-25T23:14:00+00:00,https://www.tvn-2.com/nacionales/inundaciones-deslizamientos-de-tierra-registrar-huracan-melissa-omar-smith-sinaproc_1_2212360.html,si,
n-ac4b6cda1ef4ffc0,Crítica,Panamá firma acuerdo para combatir el narcotráfico y la migración ilegal,2026-03-07T21:30:00+00:00,https://www.critica.com.pa/nacional/panama-firma-acuerdo-para-combatir-el-narcotrafico-y-la-migracion-ilegal-505700,si,
n-df30731213101b16,La Estrella de Panamá,Salida de Cosco Shipping de Panamá : ¿ presión geopolítica o golpe al  hub  logístico ? ,2026-03-12T05:30:00+00:00,https://www.laestrella.com.pa/economia/salida-de-cosco-shipping-de-panama-presion-geopolitica-o-golpe-al-hub-logistico-DD20675868,si,
n-b4394195e3f5fc9b,La Prensa Panamá,Fallo devuelve esperanza a canaleros,2026-08-14T05:00:00+00:00,https://www.prensa.com/opinion/fallo-devuelve-esperanza-a-canaleros/,si,
n-714144c8558660a6,Panamá América,Mulino solicita a la ACP prevenir  monopolio  en Corozal y Telfers,2026-03-06T07:15:00+00:00,https://www.panamaamerica.com.pa/economia/mulino-solicita-la-acp-prevenir-monopolio-en-corozal-y-telfers-1259299,si,
n-8957e64047a88e25,TVN Panamá,Ejecutivo aclara que viaje de diputados a Taiwán no representa la política exterior de Panamá,2026-01-26T23:56:56.155606+00:00,https://www.tvn-2.com/nacionales/ejecutivo-aclara-viaje-diputados-taiwan_1_2224602.html,si,
n-e5063282c9a30fd5,La Prensa Panamá,  Las ciudades son como museos y los edificios son sus obras de arte : Daniel González,2026-08-16T08:15:00+00:00,https://www.prensa.com/vivir/las-ciudades-son-como-museos-y-los-edificios-son-sus-obras-de-arte-daniel-gonzalez/,si,
n-fd1e61cb386d1530,Crítica,Vía Interamericana se tiñe de sangre de madrugada,2025-11-23T18:45:00+00:00,https://www.critica.com.pa/sucesos/interamericana-se-tine-de-sangre-de-madrugada-500519,si,
n-691bdf478cfe6d73,Quiubo Estéreo,"Panamá rompe récord histórico : IRONMAN 70 . 3 Latin América Triclub Championship supera los 1 , 500 atletas , la cifra más alta desde 2012",2026-03-06T22:45:00+00:00,https://www.quiuboestereo.com/panama-rompe-record-historico-ironman-70-3-latin-america-triclub-championship-supera-los-1500-atletas-la-cifra-mas-alta-desde-2012/,si,
n-6e5500bcb99dc2c9,TVN Panamá,Chapman justifica millonarios fondos a juntas comunales y municipios: 'se redujeron drásticamente',2025-12-04T14:21:00+00:00,https://www.tvn-2.com/nacionales/felipe-chapman-refiere-transferencias-fondos-juntas-comunales-municipios-jose-raul-mulino_1_2217426.html,si,
