noticia_id,titulo,medio,sugerido,tema
n-fa137bea3428af95,Clima en Panamá: Lluvias frecuentes en el Caribe occidental y Cordillera Central,TVN Panamá,eventos_naturales,eventos_naturales
n-60cf97adeaec86d7,Productores de plátano reportan pérdidas por lluvias en Bocas del Toro,TVN Panamá,eventos_naturales,eventos_naturales
n-9762214f0cc4fcf2,Caída de árboles durante lluvias genera temor en residentes de San Miguelito,TVN Panamá,eventos_naturales,eventos_naturales
n-1fd0526d5f482d41,"Bocas del Toro| Lluvias dejan 1,300 viviendas afectadas y más de 4,000 damnificados",TVN Panamá,eventos_naturales,eventos_naturales
n-8be18672e6fe4d85,Clima en Panamá: lluvias y tormentas aisladas para este domingo en varias regiones de Panamá,TVN Panamá,eventos_naturales,eventos_naturales
n-55293348538ceb8e,Clima en Panamá: Calor intenso y lluvias puntuales en zonas montañosas prevé el Imhpa,TVN Panamá,eventos_naturales,eventos_naturales
n-f42917e1b1416ca7,Más de 200 incendios mantienen en alerta a bomberos y elevan llamado a la ciudadanía,TVN Panamá,eventos_naturales,eventos_naturales
n-49e5edc4358aebee,Clima en Panamá: Inestabilidad atmosférica traerá lluvias y actividad eléctrica en varias regiones del país,TVN Panamá,eventos_naturales,eventos_naturales
n-48b72dd18968e815,"MOP mantiene operativo para atender daños viales por lluvias en Chiriquí Grande, Bocas del Toro",TVN Panamá,servicios_publicos,servicios_publicos
n-a7ea92e0cab35020,Residentes de Boquete intentan volver a la normalidad tras fuertes lluvias y desbordamientos,TVN Panamá,eventos_naturales,eventos_naturales
n-d59d678f4a620064,"Vientos fuertes, lluvias y oleajes continuarán afectando al país",TVN Panamá,eventos_naturales,eventos_naturales
n-62dbead0531b6ee1,Bocas del Toro: Sismo de 5.2 grados sacude la frontera Panamá–Costa Rica; autoridades en alerta,TVN Panamá,eventos_naturales,eventos_naturales
n-f78449020c3406c6,"Huracán Melissa: Familias de Tonosí, en Los Santos, pierden todo tras las inundaciones provocadas por las lluvias",TVN Panamá,eventos_naturales,eventos_naturales
n-21548dcf28350a69,Clima en Panamá: Persisten las lluvias en el Caribe y el Pacífico panameño este lunes,TVN Panamá,eventos_naturales,eventos_naturales
n-0291d8337601bf04,"Sinaproc emite tres avisos de prevención por lluvias, vientos y oleajes en Panamá",TVN Panamá,eventos_naturales,eventos_naturales
n-9602216a63994fab,Clima en Panamá: Fuertes lluvias y tormentas persistirán este viernes en el Caribe y Pacífico del país,TVN Panamá,eventos_naturales,eventos_naturales
n-f6ccede4501acae4,Lluvias provocan desbordamiento de quebradas y daños en viviendas y comercios en Bugaba,TVN Panamá,eventos_naturales,eventos_naturales
n-800ae00c412707f6,Oleaje y vientos generan alertas en el Caribe y Altos de Campana,TVN Panamá,eventos_naturales,eventos_naturales
n-472e5d3561244861,Aumentan las estafas digitales en Panamá: alertan sobre nuevos métodos de engaño en redes y WhatsApp,TVN Panamá,excluir,excluir
n-458a3bb3a960d4fd,¡Precaución! Fuertes lluvias dejan múltiples afectaciones en Bocas del Toro y la comarca Ngäbe-Buglé,TVN Panamá,eventos_naturales,eventos_naturales
n-6f405010ef17d254,Fenómeno de El Niño: MiAmbiente alerta sobre la vulnerabilidad de las fuentes hídricas y llama a la acción comunitaria,TVN Panamá,eventos_naturales,eventos_naturales
n-3d6df022ec8dad20,Clima en Panamá: acumulados de lluvia podrían generar inundaciones en varias zonas del país,TVN Panamá,eventos_naturales,eventos_naturales
n-4cf4d0a806cb152e,Terremoto en Venezuela: Mulino expresa solidaridad tras devastadores sismos y ofrece ayuda humanitaria,TVN Panamá,excluir,excluir
n-7c65644cdea6d3f1,Humo de vertedero mantiene en alerta a comunidades cercanas en Barú,TVN Panamá,servicios_publicos,servicios_publicos
n-40afd686be92dcb2,Sinaproc mantiene vigilancia en Bocas del Toro y Ño Kribo por fuertes lluvias,TVN Panamá,eventos_naturales,eventos_naturales
n-20b38f7406ee0617,Clima en Panamá: Cielos nublados y lluvias aisladas marcarán el inicio de semana en ambas vertientes,TVN Panamá,eventos_naturales,eventos_naturales
n-fce47de153cb3a37,Clima en Panamá: Lluvias aisladas y actividad eléctrica marcarán la tarde en varias regiones del país,TVN Panamá,eventos_naturales,eventos_naturales
n-206867e69387cd4e,Clima en Panamá: se prevé un domingo lluvioso con riesgo de tormentas eléctricas y calor extremo,TVN Panamá,eventos_naturales,eventos_naturales
n-25b1a6c3ead3a43d,Terremotos en Venezuela: Rescatistas panameños y unidades caninas inician labores de búsqueda de sobrevivientes,TVN Panamá,excluir,excluir
n-7e5666fbc25d558a,Meduca suspende clases este martes 21 de julio en la región de Ñö Kribo por fuertes lluvias,TVN Panamá,servicios_publicos,servicios_publicos
n-1414e22afc55a1fa,Clima en Panamá: Pronostican lluvias dispersas y actividad eléctrica en varias regiones del país este jueves,TVN Panamá,eventos_naturales,eventos_naturales
n-85f4a60a5ae8c26f,Sinaproc detalla afectaciones en el sur de Panamá tras efecto indirecto del huracán Melissa,TVN Panamá,eventos_naturales,eventos_naturales
n-c8761e37bae2088a,Clima en Panamá: Lluvias persistirán en el Caribe y se esperan chubascos fuertes en varias zonas del Pacífico,TVN Panamá,eventos_naturales,eventos_naturales
n-2e3366b699943a69,Clima en Panamá: Lluvias aisladas en el Caribe y Pacífico con vientos y radiación UV,TVN Panamá,eventos_naturales,eventos_naturales
n-36416daf5467803f,"Diciembre cerrará con lluvias y la estación seca se retrasará hasta mediados de enero, según el Imhpa",TVN Panamá,eventos_naturales,eventos_naturales
n-56f9e80c57feb404,Sismo de magnitud 4.7 se registra al sureste de Soná y se percibe en varias zonas del país,TVN Panamá,eventos_naturales,eventos_naturales
n-8b32e8b67b7f0ddf,Fuertes lluvias afectan viviendas en Bocas del Toro; río Sixaola alcanza su nivel máximo,TVN Panamá,eventos_naturales,eventos_naturales
n-1a892558bdb2241c,Clima en Panamá: vientos fuertes y oleajes mantienen en alerta al Pacífico este domingo,TVN Panamá,eventos_naturales,eventos_naturales
n-e72d752496ed2450,Minsa alerta sobre personas que se hacen pasar por inspectores sanitarios para estafar a comercios,TVN Panamá,excluir,excluir
n-2befbded730bdcdf,Lluvias aisladas y vientos fuertes marcarán el clima de hoy en Panamá,TVN Panamá,eventos_naturales,eventos_naturales
n-3cb859d981b8c318,Lluvias exponen deterioro en la cancha techada del Paseo Marino en Colón,TVN Panamá,servicios_publicos,servicios_publicos
n-a9fff5eed2d90204,"Se mantiene aviso de vigilancia por la tormenta tropical Melissa, informa Instituto de Meteorología",TVN Panamá,eventos_naturales,eventos_naturales
n-a26fd3d18c2fd17b,Decenas de afectados por inundaciones en Darién tras intensas lluvias; aviso de vigilancia sigue activo,TVN Panamá,eventos_naturales,eventos_naturales
n-e1c91ecf6c67e5d2,"Clima en Panamá: Pronostican lluvias en la tarde, condiciones marítimas favorables y alto índice UV",TVN Panamá,eventos_naturales,eventos_naturales
n-1a1eccedde86d25b,Investigaciones en Coiba alertan sobre amenazas ambientales y revelan hallazgos inéditos,TVN Panamá,excluir,excluir
n-f9c628953e5e4fb0,"Vandalismo obliga a suspender servicios en centros de salud, alerta el Minsa",TVN Panamá,servicios_publicos,servicios_publicos
n-98394173c1c108f1,"Fuertes lluvias azotan Portobelo y dejan casas inundadas, árboles caídos y deslizamientos de tierra",TVN Panamá,eventos_naturales,eventos_naturales
n-3ee116794736e062,Ulloa alerta sobre las profundas desigualdades: 'detrás de los rascacielos conviven varios Panamá',TVN Panamá,excluir,excluir
n-bea35cb77f91bc5c,Fuertes lluvias dejan fuera de operación a cinco potabilizadoras por alta turbiedad,TVN Panamá,servicios_publicos,servicios_publicos
n-a012e07f03fc18c7,Terremoto en Venezuela: Sinaproc activa protocolos; Panamá organiza envío de ayuda humanitaria,TVN Panamá,excluir,excluir
n-8f376a61a7a9558e,Clima en Panamá: Lluvias esporádicas y cielo parcialmente nublado en gran parte del país,TVN Panamá,eventos_naturales,eventos_naturales
n-56a1800e4310d691,Clima en Panamá: ¡Prepárese! Lluvias continuarán este miércoles en varias zonas del país,TVN Panamá,eventos_naturales,eventos_naturales
n-966bb2bc07b53b1b,ISA indemnizará a productores en Natá tras pérdidas por lluvias y fuertes vientos,TVN Panamá,economia,economia
n-4bbdd15dec91bb78,Incertidumbre internacional mantiene en alerta el precio del petróleo y los combustibles en Panamá,TVN Panamá,economia,economia
n-833f6f9aa20356a8,Clima en Panamá: Lluvias aisladas y vientos moderados marcarán las condiciones del tiempo en el país,TVN Panamá,eventos_naturales,eventos_naturales
n-aa1d1054ff06702c,Clima en Panamá: Incursiones nubosas generarán lluvias en el Caribe y sectores del Pacífico,TVN Panamá,eventos_naturales,eventos_naturales
n-e5e22f4beb433b1a,Suspenden clases en Bocas del Toro y en varias escuelas de la comarca Ngäbe Buglé por intensas lluvias este lunes,TVN Panamá,servicios_publicos,servicios_publicos
n-317d685c1de405c4,Onda tropical 43 provocará tormentas de hasta muy fuerte intensidad durante el fin de semana,TVN Panamá,eventos_naturales,eventos_naturales
n-ed7e6e252fa80455,"Activan aviso de vigilancia por intensas lluvias, ráfagas de viento y riesgo de deslizamientos",TVN Panamá,eventos_naturales,eventos_naturales
n-9af81dbc00abcc67,¿Veranito de San Juan llegó a su fin? Imhpa emite aviso de vigilancia por lluvias hasta el 3 de julio,TVN Panamá,eventos_naturales,eventos_naturales
n-10eaaacda6276781,Finaliza aviso por altas temperaturas y el Imhpa prevé aumento de lluvias,TVN Panamá,eventos_naturales,eventos_naturales
n-ec3b900ac8f4bb67,Alerta Amber: Ministerio de Seguridad asume el control y prepara nuevo sistema de alertas móviles,TVN Panamá,excluir,excluir
n-76e4ec9ae037c5ec,Sismo de magnitud 5.9 se registra al este de Bocas del Toro,TVN Panamá,eventos_naturales,eventos_naturales
n-d6de0b5fc94005ab,¡Tenga cuidado! Minsa alerta por venta de medicamentos falsificados contra el cáncer en redes sociales y sus riesgos,TVN Panamá,servicios_publicos,servicios_publicos
n-93a3a64355031ec1,Lluvias provocan derrumbes en la vía Chiriquí–Bocas del Toro; autoridades piden precaución,TVN Panamá,eventos_naturales,eventos_naturales
n-efc0f75fea7fed2e,CAF realizará caminata solidaria en Panamá para apoyar a Colombia y Venezuela tras terremotos,TVN Panamá,excluir,excluir
n-b5afcbcb5e2e59b2,Clima en Panamá: Lluvias aisladas y actividad eléctrica estarán presentes en sectores del país durante la tarde,TVN Panamá,eventos_naturales,eventos_naturales
n-d3b905e54db7ec3e,Huracán Melissa alcanza categoría 5 y mantiene su influencia indirecta sobre Panamá,TVN Panamá,eventos_naturales,eventos_naturales
n-d3bcfeb730f0cd5b,"Se mantiene aviso de prevención por lluvias y tormentas hasta el 4 de mayo, informa Instituto de Meteorología",TVN Panamá,eventos_naturales,eventos_naturales
n-248258e0a9180a0b,Terremotos en Venezuela: Presidenta Delcy Rodríguez recibe a rescatistas de Panamá; agradece el envío de ayuda humanitaria,TVN Panamá,excluir,excluir
n-374c561c867ed9d4,Las lluvias desde una perspectiva ciudadana,La Prensa Panamá,excluir,excluir
n-2786dcb15ce7d249,APEDE pide pasar de la alerta a la acción ante El Niño,Crítica,eventos_naturales,eventos_naturales
n-2c6f954076bfefc7,Cuando la ciencia local mira al cielo y advierte : menos lluvia para Panamá,La Prensa Panamá,eventos_naturales,eventos_naturales
n-6fa3a92844e0dd4a,El Niño en Panamá : estos son los meses en que podrían aumentar la sequía y las altas temperaturas,Telemetro,eventos_naturales,eventos_naturales
n-56ccfc4aa6329b1e,Imhpa prevé menos lluvias y temperaturas más altas en los próximos tres meses,La Prensa Panamá,eventos_naturales,eventos_naturales
n-20b133231729c571,"La Purísima , 15 años después : la tormenta que abrió el cielo sobre Chagres y Bayano",La Prensa Panamá,excluir,excluir
n-9c59e300aaeb1a48,El Niño golpea la puerta de Panamá en medio de señales de alerta,La Prensa Panamá,eventos_naturales,eventos_naturales
n-99199f32cb10f64a,El Niño pone a Panamá en alerta : Gobierno declara estado de emergencia nacional hasta junio de 2027,Telemetro,eventos_naturales,eventos_naturales
n-30e8f0b9780b891f,Alerta temprana salva vidas : nuevo sistema protege a comunidades de río Indio,Crítica,eventos_naturales,eventos_naturales
n-54dabd47c788ead3,Alertan sobre efectos globales por acciones de China contra Panamá,Crítica,excluir,excluir
n-37a5598b60544d27,El futuro del turismo sostenible se debate en Panamá,La Estrella de Panamá,turismo,turismo
n-6354c9f38cac29a5,Crecen un 25 % los turistas que hicieron escala en Panamá con el programa de Copa Airlines,Panamá América,turismo,turismo
n-ce8ed71f5a4a36e3,Más de 300 mil visitantes de Europa recibió Panamá en 2025,La Prensa Panamá,turismo,turismo
n-8b55d9ee92cd7340,"Presidentes Mulino y Lula da Silva firman acuerdos para facilitar inversiones , incentivar el comercio e impulsar el turismo",Cancillería (MIRE),economia,economia
n-dafd608fa6c09016,Del foro de Davos a la ocupación temporal : la ruta que llevó a la intervención de Balboa y Cristóbal,La Prensa Panamá,logistica,logistica
n-162fdd3282c82b8d,"El Casco Viejo que merecemos : tenemos el destino , ¿ nos falta la gestión ? ",La Prensa Panamá,turismo,turismo
n-3be18caf1d830f79,Panamá proyecta hasta 3 . 2 millones de visitantes en 2026 y busca fondos para activar el seguro para turistas,La Prensa Panamá,turismo,turismo
n-e3e904167a4278f8,"Mulino y Canciller negocian extensión de Línea 3 , vuelo directo a Tokio y más",Crítica,servicios_publicos,servicios_publicos
n-94ded8ccf82869b3,"Mulino defiende en Ecuador sus viajes :  Creen que uno viene aquí de paseo , hacer shopping y turismo  ",La Estrella de Panamá,excluir,excluir
n-609c44c1b887c5be,ACP cierra temporalmente el Centro de Visitantes de Agua Clara por lluvias,Telemetro,turismo,turismo
n-adaaa6084aa512bc,Movimiento de pasajeros de cruceros creció 15 . 6 % y supera los 460 mil visitantes entre enero y mayo,La Prensa Panamá,turismo,turismo
n-2b3619ce39f7534c,Las claves del mensaje de Mulino ante la Asamblea General de la ONU,La Estrella de Panamá,excluir,excluir
n-86109af92c31179f,Canciller Martínez - Acha reafirma vocación integracionista de Panamá durante reunión ministerial del Mercosur en Brasil – Ministerio de Relaciones Exteriores,Cancillería (MIRE),excluir,excluir
n-415fc2857ef6eaf5,"  Panamá , anfitrión del mundo , nueva marca país ; Mulino buscará garantizar su continuidad por ley",La Estrella de Panamá,turismo,turismo
n-faf0615b14549787,Entre marzo y abril debe convocarse licitación de la APP vía Centenario,Panamá América,regulacion,regulacion
n-4aac12ec387f83c9,Panama Ports : excontralor y exviceministro de la Presidencia se deslindan de la prórroga del contrato tras fallo de la Corte,La Prensa Panamá,regulacion,regulacion
n-f86bc05ec2988af5,"Panamá y Filipinas abordan oportunidades comerciales , marítimas y tecnológicas – Ministerio de Relaciones exteriores",Cancillería (MIRE),excluir,excluir
n-5a2c1d2522f755cc,"Presidente José Raúl Mulino llega a chile , sostendrá bilateral con presidente electo – Ministerio de Relaciones Exteriores",Cancillería (MIRE),excluir,excluir
n-9a6ad4a133a04611,"Consejos empresariales y empresas chilenas manifiestan interés en cooperar , invertir y fortalecer el intercambio comercial con Panamá – Ministerio de Relaciones Exteriores",Cancillería (MIRE),economia,economia
n-2429d1f94fe2662c,Consorcio del Cuarto Puente asegura cumplimiento de la ley laboral y llama al diálogo,La Estrella de Panamá,regulacion,regulacion
