noticia_id,titulo,medio,tema
n-fa8ea667f5663e4c,Sala Tercera de la Corte : multa impuesta por el MOP al consorcio Cuarto Puente no es ilegal,La Prensa Panamá,regulacion
n-330271841afad1ad,Científicos panameños identifican nuevas especies de plancton en el Canal de Panamá,Telemetro,excluir
n-6163e1ec829c0dda,Tomás Rodríguez le dice no a Olimpia y apunta al Saprissa,Mi Diario,excluir
n-e487f6af459c2d06,Farruko dice presente en Panamá para los IV Juegos Suramericanos de la Juventud 2026,RPC,excluir
n-b199a660879a4e02,China Tries to Punish Panama After Canal Ports Loss,Newsroom Panama,logistica
n-0b87593b9dd33f2a,Japón reafirma respaldo al Canal de Panamá y ampliará cooperación tecnológica con la vía interoceánica,La Estrella de Panamá,excluir
n-ca53449d07f25075,Crucero Brilliant Lady cruza el Canal de Panamá por primera vez y lanza mensaje qué xopa,Telemetro,turismo
n-1f0d9984ff4a07d9,Preview - Asamblea de Panamá,asamblea.gob.pa,excluir
n-98052983e04a2e67,Presidente Mulino pide a la ONU recuperar la confianza y el liderazgo en pro de la paz y prosperidad del mundo – Ministerio de Relaciones exteriores,mire.gob.pa,excluir
n-0a6f39f3590ec5f1,Panama President Mulino Speaks Out at his Regular Thursday Press Conference,Newsroom Panama,excluir
n-bee0afa6d24d2b5f,"Extensión de la Línea 3 del Metro , Cerro Patacón y Tratado de Neutralidad , puntos del encuentro entre el presidente Mulino y el canciller japonés Motegi – Ministerio de Relaciones exteriores",mire.gob.pa,servicios_publicos
n-6138dccea123ede6,Contratos laborales superan la barrera de los 300 mil en 2025,Panamá América,economia
n-63748e993a7f3c8e,Víctor Griffith jugará en uno de los equipos grandes de Ecuador,RPC,excluir
n-0cd4afafc0bb3530,Preview - Asamblea de Panamá,asamblea.gob.pa,excluir
n-eeff1d1a3248470d,Mulino viajará a Ecuador para abordar temas de inversión y migración con el presidente Noboa,Día a Día,excluir
n-57cbe0d566a1cda8,Viceministro Hoyos participa en Panamá Week en Sudáfrica – Ministerio de Relaciones Exteriores,mire.gob.pa,excluir
n-109a411f35f43837,"Encuentro Mulino – Rubio : diplomacia , narrativa y equilibrio estratégico entre Panamá y Estados Unidos",Tu Política,excluir
n-3f2b1340d9a5deec,Ministro Frank Ábrego explica fondo de $12.9 millones para seguridad del Canal: acuerdo 'no es secreto',TVN Panamá,excluir
n-4ad83c130c4c70be,La calificadora S & P ratifica a Panamá el grado de inversión BBB - con perspectiva estable,Día a Día,economia
n-5e19a10bc79e51f7,Panamá y Estados Unidos dialogan sobre política exterior y seguridad hemisférica durante visita de delegación de la Universidad Nacional de Defensa – Ministerio de Relaciones exteriores,mire.gob.pa,excluir
n-35b3a3d9b31cbd9e,The Panama Canal Neutrality Treaty : Portugal Shows Interest in Signing Up,Newsroom Panama,excluir
n-edd6401a394b4b64,Presidentes visitan las nuevas esclusas del Canal de Panamá - Ministerio de Relaciones Exteriores,mire.gob.pa,excluir
n-a97ab77570097d9f,Panamá plantea una relación CELAC - UE basada en resultados concretos y cooperación,Panamá América,excluir
n-2af65a69547a6c7a,Orlando Mosquera le atajó el penal a un mundialista de Portugal,RPC,excluir
n-f1e909a9806941a8,Preview - Asamblea de Panamá,asamblea.gob.pa,excluir
n-55d5bcef36cfbccc,Agroferias del IMA: Conozca dónde se realizarán este jueves,TVN Panamá,economia
n-d2431175aa498c6c,Confabulario,Panamá América,excluir
n-f894f6e371fbbe04,"Parque público , hotel y anfiteatro forman parte de los planes de desarrollo de Amador",La Prensa Panamá,turismo
n-0b3e972372077e4b,"Canal de Panamá impulsa gasoducto y nuevos puertos con $6 , 000 millones",Telemetro,logistica
n-cfadc7aa29fb2f49,Alcalde de Capira pide diálogo con comunidades por reubicación de cementerios,Día a Día,excluir
