id_a,titulo_a,id_b,titulo_b,mismo_evento
n-000adb51c1ecf9cb,Panamá impide tránsito de colombiano que transportaba $1.9 millones en oro sin declarar,n-0e25df8d134f5deb,Panamá expulsa a ciudadano cubano-estadounidense requerido por delitos relacionados con drogas en Florida,no
n-0012f8fca390a040,TVN Media y XCOM se unen para impulsar la innovación y el futuro de la comunicación en Panamá,n-06cd8d5c61c1f57e,Christiansen valoró enfrentar a un rival de élite y sus exigentes características,no
n-001610d0cb412ede,Canal de Panamá ajustará el calado en esclusas para barcos grandes,n-0b87593b9dd33f2a,Japón reafirma respaldo al Canal de Panamá y ampliará cooperación tecnológica con la vía interoceánica,no
n-003b4a67596251a6,Inicia la vigésima segunda edición de la FIL Panamá,n-2a1592ce8725e2f9,La FIL Panamá 2026 acerca a los jóvenes a la tecnología y nuevas oportunidades de formación,si
n-009341ad79db1664,Más de 200 mil trabajadores devengan menos de 100 dólares en Panamá,n-0b86cec99b6d3680,Comunidad china conmemora más de 171 años de aportes históricos y culturales a Panamá,no
n-00a0e1d3a8374b12,Panamá se encarga de impulsar las inversiones en España con el Primer Foro Empresarial,n-191a9a662bb12297,Asamblea aprueba acuerdo que convierte a Panamá en miembro del Mercosur,no
n-00e3d223b76b4727,Museo del Canal recuerda la Gesta del 9 de Enero con jornada histórica,n-1051c3d254fed373,Nacionales entran gratis al Museo del Canal para conmemorar el 9 de Enero,si
n-0107485cfa28b827,Rubén Pérez Pinzón asumirá el cargo de subadministrador interino del Canal,n-5996dcdcd10e6d33,Más allá del 7 de septiembre : 74 años de construcción de soberanía sobre el Canal,no
n-01136f9480257dc9,Canal de Panamá prevé alza de ingresos de 25 % con nuevos puertos,n-57ed3bc240ba6455,El Canal de Panamá abre ronda de reuniones clave previo al proceso de precalificación para la licitación de nuevos puertos,no
n-016aee41c52d478b,Aumenta el tránsito de buques diarios por el Canal de Panamá,n-303fd70275feb1f7,Canal de Panamá registra leve aumento de tránsitos por conflicto en Medio Oriente,no
n-01787594f1156a9f,Clima en Panamá: Se prevén lluvias moderadas a fuertes en varias provincias del país,n-03dc710842cda948,Panamá fija postura en la ONU sobre Venezuela y llama al diálogo regional,no
n-02dc4546c7743526,ACP se prepara para anunciar al próximo administrador de la vía interoceánica,n-182ce84a6a471aab,Cámara de Comercio identifica desafíos para la nueva administradora del Canal,no
n-0413296049b10915,Panamá avanza en la depuración y control de personas jurídicas para reforzar la transparencia,n-0eec6a462efbb3cc,Panamá prueba su nueva sangre : Krug y Barría aspiran destacar en la selección,no
n-044dc7b29c95ab51,China y la conquista de los mares,n-c7fd600316f40e53,Las regiones polares que corteja China,no
n-04c21d1432cc3431,Cristo Negro de Portobelo: Devotos realizan peregrinaje; se esperan 100 mil personas para la celebración principal,n-214b51d9921012fe,Cristo Negro de Portobelo: cientos de devotos inician peregrinación con fe y agradeciendo milagros,si
n-04f857122a348df6,Cancillería busca alternativas para que los siete panameños detenidos en Cuba cumplan una eventual condena en Panamá,n-0a005b9a6156591b,Panamá adquiere la totalidad de un oleoducto transístmico,no
n-05ae657916bed9b8,Discurso del presidente Mulino ante la ONU : Panamá pide el cese de las guerras y defiende el diálogo,n-0cbef931fad12e68,Presidente de España reitera importancia de Panamá en el bloque de Iberoamérica tras encuentro con Mulino,no
n-05b526e5fe8c0b81,Panamá fortalece comités de cuencas para proteger sus ríos,n-09bbac9c944d83d7,Empresas chilenas manifiestan interés en cooperar e invertir en Panamá,no
n-0606bc40cf55e493,Damnificados de incendio en Colón relatan sus historias; mientras esperan respuestas sobre reubicación,n-c44f01fcc0ce833e,Más de 100 bomberos controlan incendio en edificio de la calle 12 en Colón,si
n-06971e0bb2c35085,Panama Ports califica de ilegal la  toma  de los puertos y advierte arbitraje internacional,n-06d02fd807afc2ac,China advierte que defenderá a CK Hutchison tras toma de puertos en Panamá,si
n-06aa07c23e67a93a,Restricciones en el Canal de Panamá encarecerían el comercio de El Salvador,n-0c604a953332c50b,Ilya Espino de Marotta hace historia al asumir la administración del Canal de Panamá,no
n-06aec4bd144084cf,Investigación por presunto abuso a bebé de 9 meses en Veraguas fue declarada bajo reserva,n-263388c7f6d767cf,Trasladan al Hospital del Niño a bebé de 9 meses en presunto caso de abuso en Veraguas,si
n-06ff7bc2534e4802,"América Latina avanza contra el hambre , pero la inflación alimentaria amenaza los logros",n-a5b1acd73d32d0cc,"América Latina avanza contra el hambre , pero la inflación alimentaria amenaza los logros",si
n-07771631af9fe560,Panamá entre potencias : ¿ jugador o tablero ? ,n-0ad04b2eac1dc16d,Chapman asegura que Panamá recupera confianza y cumplirá meta de déficit en 2025,no
n-0823cc399d0b87bb,China señaló que adoptará  medida tras la anulación del contrato portuario en Panamá,n-0884fb2f8ce1f9cc,Multinacionales ratifican confianza en Panamá como destino de inversión,no
n-bee0afa6d24d2b5f,"Extensión de la Línea 3 del Metro , Cerro Patacón y Tratado de Neutralidad , puntos del encuentro entre el presidente Mulino y el canciller japonés Motegi – Ministerio de Relaciones exteriores",n-223c10b037091952,El dilema de Arabia Saudita al intentar mantenerse al margen de la guerra entre Estados Unidos e Irán,no
n-08674721cf774a4a,Joaquín Beleño y la literatura sobre el Canal,n-df6a122315933851,The Panama Canal Extends the Deadline for Submitting Documents for Port Concessions and Gas Pipeline,no
n-537c8d18d5828f55,Alcaldía de Panamá detalla requisitos para solicitar pago de prima de antigüedad,n-4a5742aeddd6eee2,Cancillería ofrece nuevo espacio para monumento chino,no
n-443006975c5cabff,Sinaproc mantiene vigilancia por lluvias y tormentas ante ingreso de onda tropical #5,n-2a605ce70a4ce6fd,"  Si no hubiera transitismo , esto sería como Haití  ",no
n-ddc8be093f1d69fa,Panamá y Costa Rica firman memorado con la visión de un Corredor Logístico Ferroviario Centroamericano,n-2015e74300eb577d,Anati declara zona de regularización y titulación masiva a Bajo El Piro y Juan Gil,no
n-cabe62b8cfa68c9b,Gobierno de Panamá condena ataque contra fiesta judía en Australia y expresa su solidaridad,n-df2d8dbb1474e29e,Más buques cruzan el Canal de Panamá por cambios en mercado energético,no
n-a191297717765844,"16 personas, incluido un cabecilla, quedan en detención preventiva por presunto pandillerismo",n-1aeb71a1b7b05f4e,A 57 años de la tragedia en La Arena: comunidad recuerda a las tres jóvenes fallecidas durante el Rosario de la Aurora,no
n-af8fd642c9d9ed5f,Panamá se une por la vida en la 10.ª Caminata por la Prevención del Suicidio,n-7bce27ffcdfc9915,Comisión de Gobierno prohijó anteproyecto que modifica la responsabilidad penal adolescente,no
n-0ad04b2eac1dc16d,Chapman asegura que Panamá recupera confianza y cumplirá meta de déficit en 2025,n-0a52514e80dec5ef,Sancionan a 15 funcionarios: Casos de nepotismo en la Unachi y la Universidad de Panamá encabezan la lista,no
n-1d20edd40df5d74f,"Mulino inicia agenda en Grecia con reuniones sobre inversiones , Canal y turismo",n-42bfe4e32d1df3bc,Cepanim| Banco Nacional ha pagado $15 millones por el canje de 85 mil certificados,no
n-469ec1799b36f2f9,La Chorrera| Horas de espera y largas filas generan quejas en la Policlínica Santiago Barraza,n-9669aa81c9b88d4b,Incendio forestal afectó más de 4 mil metros cuadrados en el Parque Nacional Volcán Barú,no
n-b3b8410e1edb00c2,Panamá suma varios frentes de apoyo internacional tras presiones de China sobre sus buques,n-08f328bf7d955e7f,Monseñor Manuel Ochogavía arremete contra la ACP por embalse en Río Indio,no
n-a5e1ae309d73706d,Extradición por caso Alas : Panamá espera documentos clave de Venezuela,n-3c2cbadeaded32ab,Canal ahorra agua ante posible regreso de El Niño,no
n-d656c7964d1c9d87,Empleo y estrategia: Panamá y la carrera global de la inteligencia artificial,n-c2417d68edcf2fcd,Fanlyc inicia en Azuero el Relevo por la Vida 2026 en apoyo a niños con cáncer,no
n-d1b5c7a46260c608,Panamá presume avances en seguridad alimentaria ante la FAO,n-a189542baffd9866,"El panameño se informa con el celular , el algoritmo y , a veces , con la verdad",no
n-7b3544891394375c,Canal de Panamá avanza diseño del embalse en río Indio y apunta a licitar en 2026,n-4351c2218cfd317e,Clima en Panamá: Pronostican lluvias y vientos en las vertientes Caribe y Pacífico para este domingo,no
n-83b18b51b1f55d51,Panamá solicita a la Unión Europea ser excluido de listas discriminatorias durante la Cumbre CELAC - UE,n-aec22a2e4ff60e12,"Más de 76 mil tratamientos cuarentenarios fueron aplicados en octubre, informa MIDA",no
n-54aff8b233a92dca,  Sindicalista : culpables de la desidia en Puerto Armuelles,n-f40ae6b9f2e68e74,China Via CK Hutchison is Claiming More than $1 . 5 Billion from Panama Over its Exit from Two Ports . ,no
n-01bd0cb5e9b6c412,Paraguay condena la retención de buques panameños en puertos chinos,n-e39554893858d8fa,"Con jornada en Chiriquí, Misión Patitas suma 20 mil esterilizaciones para perros y gatos a bajo costo",no
n-f2eb47c85688933a,Probable once de Panamá ante Brasil : Christiansen perfila su primer ensayo mundialista,n-30b4c7805f4dd05b,Molineros advierten que seguridad alimentaria debe prevalecer ante posible alza del arroz,no
n-d0e87def5683e493,Realizan en Panamá las primeras reconstrucciones urológicas de alta complejidad con asistencia robótica,n-7be3afae2d2246e3,Ola de crímenes violentos en Panamá Este reaviva el debate sobre la inseguridad en el país,no
n-64a9116a8953e4c1,Sheinbaum y Mulino hablarán de economía y respaldo a neutralidad de Canal de Panamá,n-5458a9f277dffecc,Diputados crean subcomisión para analizar proyecto de ley que busca regular la instrumentación quirúrgica,no
n-2ec2ea1d4d5e7032,Mulino se reúne con presidentes de Suiza y Singapur,n-415fc2857ef6eaf5,"  Panamá , anfitrión del mundo , nueva marca país ; Mulino buscará garantizar su continuidad por ley",no
n-e4e8280933511d68,Estudiantes de la Unachi piden claridad sobre situación interna tras rumores de supuesta renuncia de Etelvina de Bonagas,n-6354c9f38cac29a5,Crecen un 25 % los turistas que hicieron escala en Panamá con el programa de Copa Airlines,no
n-1fd0526d5f482d41,"Bocas del Toro| Lluvias dejan 1,300 viviendas afectadas y más de 4,000 damnificados",n-1cc9a5bdcc137878,Defensa de Martinelli evalúa nuevas acciones tras fallo de la Corte,no
